Emailadresse;Vorname;Nachname
pr-walter@optivo.de;Paul;Walter
pr-mueller@optivo.de;Max;M�ller
pr-ferdinand@optivo.de;Franz;Ferdinand
pr-gustafsson@optivo.de;Karl;Gustafsson
pr-lieblich@optivo.de;Werner;Lieblich
pr-rabe@optivo.de;Harald;Rabe
pr-AAaa@optivo.de;test;test
test@test.de;test;test
pr-AAab@optivo.de;test;test